{"_runtime":114.870947,"training_accuracy":12.068518518518518,"Sample Images":{"_type":"image-file","sha256":"98fa687d70a1b323ea94a85b030e9a1055d058bce870f6ef332b3888e0c925ec","size":22611,"path":"media/images/Sample Images_0_98fa687d70a1b323ea94.png","format":"png","width":1000,"height":500},"_timestamp":1.742016335339757e+09,"_step":4,"_wandb":{"runtime":115},"validation_accuracy":11.616666666666667,"training_loss":0,"validation_loss":2.320118803519618,"epoch":4}