{"validation_loss":0.6169549044765702,"epoch":20,"training_loss":0.6012495757849844,"_step":19,"_timestamp":1.741326964161748e+09,"_runtime":111.625438,"_wandb":{"runtime":111},"training_accuracy":84.53518518518518,"validation_accuracy":84.38333333333333}