{"_runtime":353.383608,"epoch":16,"training_accuracy":85.82222222222222,"validation_loss":0.607398709109027,"training_loss":0.5411874829654687,"_wandb":{"runtime":353},"validation_accuracy":83.91666666666666,"_timestamp":1.741534074016602e+09,"_step":15}