{"_step":10,"training_accuracy":90.21111111111111,"validation_accuracy":89.5,"epoch":10,"_runtime":335.587906,"Sample Images":{"format":"png","width":1000,"height":500,"_type":"image-file","sha256":"4b4788747fd6d663744ce5b04190bfdb51d5e70bd7a60734253b7aa8cdbcae4b","size":23037,"path":"media/images/Sample Images_0_4b4788747fd6d663744c.png"},"training_loss":0.1384031808230714,"validation_loss":0.290579473289729,"_wandb":{"runtime":342},"_timestamp":1.742016960311841e+09}