{"training_loss":NaN,"training_accuracy":10.016666666666667,"_step":29,"_timestamp":1.741328213876097e+09,"_runtime":562.301599,"epoch":30,"validation_accuracy":9.85,"validation_loss":NaN,"_wandb":{"runtime":562}}