{"training_loss":0.32146155987446845,"training_accuracy":88.96666666666667,"validation_loss":0.3796145628790928,"_step":19,"_timestamp":1.741548824261142e+09,"epoch":20,"_runtime":511.769204,"_wandb":{"runtime":511},"validation_accuracy":87.21666666666667}