{"validation_loss":0.5310848027720132,"_wandb":{"runtime":414},"validation_accuracy":85.7,"_timestamp":1.741442721243859e+09,"_step":12,"epoch":13,"training_accuracy":85.85555555555555,"training_loss":0.51865537323112,"_runtime":414.611374}