{"training_accuracy":87.4537037037037,"_step":14,"_wandb":{"runtime":348},"_timestamp":1.7414148302597802e+09,"_runtime":348.915046,"training_loss":0.3640523210387361,"epoch":15,"validation_loss":0.4417215783418556,"validation_accuracy":85.53333333333333}