{"_wandb":{"runtime":224},"_timestamp":1.741535345451663e+09,"validation_loss":0.44229279712120595,"validation_accuracy":84.88333333333333,"_runtime":222.612973,"epoch":11,"training_loss":0.4395615213630752,"training_accuracy":84.81111111111112,"_step":10}