{"training_accuracy":89.01481481481481,"_wandb":{"runtime":430},"_step":19,"epoch":20,"_runtime":430.458628,"validation_accuracy":87.71666666666667,"training_loss":0.1590769549991628,"validation_loss":0.38517514509984413,"_timestamp":1.741549292325102e+09}