{"training_accuracy":92.80740740740741,"training_loss":0.19167992889680807,"validation_accuracy":89.26666666666667,"_runtime":452.264747,"_wandb":{"runtime":452},"validation_loss":0.2951115092257813,"_timestamp":1.741547657643744e+09,"epoch":20,"_step":19}