{"training_loss":0.19243398958817298,"validation_accuracy":89.41666666666667,"_runtime":1481.725663,"epoch":30,"_wandb":{"runtime":1481},"_step":29,"validation_loss":0.2949685079911146,"training_accuracy":92.5962962962963,"_timestamp":1.741439901427867e+09}