{"validation_accuracy":81,"epoch":30,"training_loss":1.01686333641217,"validation_loss":1.0889912302056834,"_timestamp":1.74143712109351e+09,"_runtime":2839.963515,"_wandb":{"runtime":2839},"training_accuracy":81.4037037037037,"_step":29}