{"epoch":10,"training_loss":4.385434796683625,"_timestamp":1.741432339418953e+09,"_wandb":{"runtime":289},"training_accuracy":77.27592592592593,"_step":9,"validation_loss":3.9316442696567475,"_runtime":289.619905,"validation_accuracy":78.58333333333334}