{"validation_accuracy":87.68333333333334,"validation_loss":0.3577738623887019,"training_loss":0.32485280924861837,"_wandb":{"runtime":1140},"epoch":50,"training_accuracy":88.6462962962963,"_timestamp":1.741536537074903e+09,"_step":49,"_runtime":1140.362407}