{"validation_loss":0.3398487049386779,"training_accuracy":92.66296296296296,"_timestamp":1.741440957811417e+09,"epoch":22,"_wandb":{"runtime":1048},"_step":21,"training_loss":0.1903566700069735,"validation_accuracy":88.21666666666667,"_runtime":1048.847661}