{"epoch":20,"_runtime":348.780717,"_wandb":{"runtime":348},"training_accuracy":91.98148148148148,"validation_loss":0.325365358399053,"_step":19,"validation_accuracy":88.48333333333333,"training_loss":0.21349108325077007,"_timestamp":1.741341656264736e+09}