{"validation_accuracy":86.7,"_wandb":{"runtime":130},"_step":4,"_timestamp":1.742126210323679e+09,"_runtime":104.988687,"Sample Images":{"size":23857,"path":"media/images/Sample Images_0_635e5779fd82ec548517.png","format":"png","width":1000,"height":500,"_type":"image-file","sha256":"635e5779fd82ec5485175b6d4aa10995eb8abc50b1bb9686f89084fa073f2696"},"training_accuracy":87.72962962962964,"validation_loss":0.3564299847083529,"epoch":4,"training_loss":0.3320790101781525}