{"_timestamp":1.741438412095374e+09,"training_loss":5.42476620038394,"validation_loss":5.783312299597217,"_wandb":{"runtime":838},"_step":15,"epoch":16,"training_accuracy":72.50555555555556,"_runtime":838.753159,"validation_accuracy":71.65}