{"training_accuracy":90.76666666666667,"validation_loss":0.32173056621990703,"_wandb":{"runtime":531},"_step":14,"training_loss":0.24861130138077656,"_runtime":531.982903,"epoch":15,"validation_accuracy":88.5,"_timestamp":1.741284723171965e+09}