{"_wandb":{"runtime":334},"training_accuracy":82.97222222222223,"epoch":11,"validation_loss":0.8936173520613336,"_timestamp":1.741532860043267e+09,"training_loss":0.6407372676816802,"validation_accuracy":79.28333333333333,"_runtime":334.41493,"_step":10}