{"training_loss":2.3029073853387105,"_step":14,"epoch":15,"training_accuracy":10.137037037037038,"validation_accuracy":10.183333333333334,"validation_loss":2.302572563186965,"_wandb":{"runtime":94},"_timestamp":1.741284833358909e+09,"_runtime":94.911527}