{"_runtime":439.619672,"validation_loss":1.0797584586357865,"_wandb":{"runtime":439},"_timestamp":1.7414375673208818e+09,"training_loss":0.9152547353002551,"training_accuracy":78.74444444444444,"validation_accuracy":74.75,"_step":6,"epoch":7}