{"validation_accuracy":52.349999999999994,"_timestamp":1.741288767514704e+09,"validation_loss":1.2368230078149294,"_step":14,"training_accuracy":48.672222222222224,"training_loss":1.1956111301069214,"epoch":15,"_runtime":1508.951869,"_wandb":{"runtime":1508}}