{"_runtime":652.798779,"_step":21,"training_loss":0.00786941059849655,"training_accuracy":99.87592592592593,"validation_accuracy":97.98333333333333,"Sample Images":{"path":"media/images/Sample Images_0_f7f620850f8d16467ef0.png","format":"png","width":1000,"height":500,"_type":"image-file","sha256":"f7f620850f8d16467ef0a112b959823a49b7fc41b4861b1b4d8b480e7635cfb6","size":15847},"validation_loss":0.07115050363473525,"epoch":21,"_timestamp":1.741985505304957e+09,"_wandb":{"runtime":653}}