{"_step":14,"validation_loss":0.35719377712401235,"_wandb":{"runtime":490},"_runtime":490.782337,"validation_accuracy":87.23333333333333,"training_accuracy":87.8037037037037,"training_loss":0.3275907120455843,"epoch":15,"_timestamp":1.741386012925705e+09}