{"epoch":15,"training_accuracy":70.51851851851852,"validation_loss":1.029156875147678,"_runtime":506.054238,"validation_accuracy":67.51666666666667,"training_loss":0.9640090466858935,"_wandb":{"runtime":506},"_step":14,"_timestamp":1.7413834502432508e+09}