{"training_loss":0.2854699460195719,"Sample Images":{"_type":"image-file","sha256":"7bc30cfa5629e869653450bf1bc4e20da5fda87dd4268bb3aa5210c959f6290a","size":25420,"path":"media/images/Sample Images_0_7bc30cfa5629e8696534.png","format":"png","width":1000,"height":500},"_runtime":211.393109,"_wandb":{"runtime":222},"_timestamp":1.741984804755147e+09,"validation_accuracy":88.61666666666666,"_step":7,"validation_loss":0.3238652835016942,"epoch":7,"training_accuracy":89.3}