{"training_accuracy":23.774074074074075,"_step":14,"_wandb":{"runtime":214},"_runtime":214.768596,"validation_accuracy":22.03333333333333,"_timestamp":1.7413266523558888e+09,"epoch":15,"validation_loss":1.9619681922163015,"training_loss":1.9333088850987405}