{"_timestamp":1.741442300626302e+09,"_step":29,"validation_loss":1.3286071157884634,"_runtime":1330.117984,"_wandb":{"runtime":1330},"training_loss":1.076272415099095,"validation_accuracy":81.16666666666667,"training_accuracy":79.7,"epoch":30}