{"_step":27,"validation_loss":0.2855382939023554,"_timestamp":1.7414594583998551e+09,"training_loss":0.1636941278412222,"validation_accuracy":89.76666666666667,"_wandb":{"runtime":1730},"_runtime":1730.969025,"epoch":28,"training_accuracy":93.8537037037037}