{"_runtime":583.221059,"_step":14,"training_loss":0.6673788662812389,"epoch":15,"_timestamp":1.741416723373496e+09,"validation_loss":0.714309608613511,"_wandb":{"runtime":583},"training_accuracy":80.8537037037037,"validation_accuracy":78.88333333333334}