{"validation_loss":0.2632256090802811,"_timestamp":1.7413855144620118e+09,"_runtime":1236.440068,"training_loss":0.21451321974566942,"validation_accuracy":90.21666666666667,"_wandb":{"runtime":1236},"_step":14,"epoch":15,"training_accuracy":91.71111111111111}