{"_wandb":{"runtime":59},"training_loss":0.3990120450438997,"epoch":2,"validation_loss":0.3998281686963051,"Sample Images":{"height":500,"_type":"image-file","sha256":"fb39a2a41b90056e5fb8b549c3db2fb5d3c249461a2c904e62fac367e63b4045","size":23777,"path":"media/images/Sample Images_0_fb39a2a41b90056e5fb8.png","format":"png","width":1000},"validation_accuracy":85.46666666666667,"training_accuracy":85.2574074074074,"_runtime":58.430086,"_timestamp":1.7420171755076191e+09,"_step":2}