{"_wandb":{"runtime":901},"_timestamp":1.741986819820002e+09,"validation_accuracy":94.81666666666668,"Sample Images":{"_type":"image-file","sha256":"52f52943e715058825542039aed52681c255b7446e36cf6f4ed3b51d6620312c","size":16545,"path":"media/images/Sample Images_0_52f52943e71505882554.png","format":"png","width":1000,"height":500},"validation_loss":0.19632673823499663,"_step":30,"_runtime":900.785136,"training_accuracy":95.5537037037037,"epoch":30,"training_loss":0.1566182583854098}