{"validation_loss":2.3026775597133797,"validation_accuracy":9.583333333333334,"_step":15,"_timestamp":1.741342648442223e+09,"_runtime":100.664649,"epoch":16,"_wandb":{"runtime":100},"training_accuracy":9.807407407407407,"training_loss":2.302680328954852}