{"_wandb":{"runtime":141},"training_loss":0.4479432532826434,"epoch":15,"_timestamp":1.741285126313233e+09,"training_accuracy":85.71296296296296,"_step":14,"_runtime":141.201104,"validation_loss":0.45968217907614184,"validation_accuracy":85.3}