{"validation_accuracy":51.71666666666667,"_runtime":28.325794,"_timestamp":1.741283577149028e+09,"_wandb":{"runtime":28},"training_accuracy":62.94074074074074,"validation_loss":1.4489025348266709,"epoch":5,"training_loss":1.2508626572631711,"_step":4}