{"_runtime":139.769432,"training_accuracy":78.00185185185185,"validation_loss":0.6633973282836129,"training_loss":0.6889236630224623,"epoch":15,"validation_accuracy":78.38333333333334,"_step":14,"_wandb":{"runtime":139},"_timestamp":1.741284979942257e+09}