{"_runtime":918.522646,"training_loss":0.6086151261139433,"_step":29,"validation_loss":0.6001068807840262,"_wandb":{"runtime":918},"epoch":30,"training_accuracy":81.49814814814815,"validation_accuracy":81.98333333333333,"_timestamp":1.7414436457926762e+09}