{"training_accuracy":82.27777777777779,"epoch":15,"_wandb":{"runtime":2424},"_runtime":2424.827955,"_step":14,"validation_accuracy":83.18333333333334,"validation_loss":0.8342309637702782,"_timestamp":1.741388444318798e+09,"training_loss":0.8618358782366183}