{"_wandb":{"runtime":811},"validation_accuracy":82.89999999999999,"_timestamp":1.741384269547231e+09,"training_loss":0.5786640967588552,"training_accuracy":84.1037037037037,"epoch":8,"_runtime":811.115426,"_step":7,"validation_loss":0.6289160203370693}