{"_step":13,"_wandb":{"runtime":654},"validation_loss":1.9083480669306652,"_timestamp":1.741342542118387e+09,"training_loss":2.0501032337198937,"validation_accuracy":29.916666666666668,"_runtime":654.237974,"epoch":14,"training_accuracy":28.98148148148148}