{"training_accuracy":24.15740740740741,"epoch":1,"training_loss":1.905419328339375,"_timestamp":1.74133122261028e+09,"_runtime":42.584477,"_step":0,"validation_loss":1.1995145271489287,"validation_accuracy":48.949999999999996,"_wandb":{"runtime":63}}