{"validation_accuracy":82.18333333333334,"_timestamp":1.741415199479062e+09,"training_accuracy":83.18518518518519,"training_loss":0.5067752836026778,"_wandb":{"runtime":355},"epoch":15,"validation_loss":0.5405279168580397,"_step":14,"_runtime":355.089358}