{"training_accuracy":89.9462962962963,"_wandb":{"runtime":433},"_step":19,"validation_loss":0.32132621863473126,"validation_accuracy":88.51666666666667,"_runtime":433.700395,"epoch":20,"_timestamp":1.741328653370243e+09,"training_loss":0.2748492629439913}