{"training_loss":0.575037923534509,"validation_loss":0.5834980919404957,"_runtime":1549.378341,"_wandb":{"runtime":1549},"training_accuracy":81.27962962962964,"epoch":30,"_timestamp":1.741344203367295e+09,"_step":29,"validation_accuracy":81.31666666666668}