{"validation_loss":2.098301352753266,"_step":14,"_wandb":{"runtime":319},"_timestamp":1.741285965054909e+09,"_runtime":319.590457,"training_loss":2.1060479485338925,"validation_accuracy":17.283333333333335,"epoch":15,"training_accuracy":17.59444444444444}