{"_wandb":{"runtime":581},"validation_accuracy":87.7,"epoch":24,"training_accuracy":88.3537037037037,"validation_loss":0.4429875214076952,"training_loss":0.3826795727118738,"_step":23,"_timestamp":1.741532358222602e+09,"_runtime":581.293654}