{"training_loss":0.49881871399111466,"validation_loss":0.5244184897578704,"_timestamp":1.7413412989317088e+09,"_step":14,"epoch":15,"training_accuracy":83.59444444444445,"validation_accuracy":82.83333333333334,"_wandb":{"runtime":663},"_runtime":663.815311}