{"_runtime":1965.119813,"_wandb":{"runtime":1965},"epoch":20,"_step":19,"training_loss":0.4791290752018252,"validation_loss":0.5507387346215066,"training_accuracy":84.2462962962963,"validation_accuracy":81.21666666666667,"_timestamp":1.741330625410663e+09}