{"_wandb":{"runtime":31},"validation_loss":1.1752395325914526,"validation_accuracy":71.48333333333333,"_runtime":31.127642,"epoch":5,"_timestamp":1.741283622427878e+09,"training_loss":1.0029189301360062,"training_accuracy":74.44444444444444,"_step":4}